{
  "script.js": 1776972236.3188355,
  "deep-dive-wordpress-theme/functions.php": 1776527735.8689225,
  "deep-dive-wordpress-theme/404.php": 1775617334.4018877,
  "deep-dive-wordpress-theme/index.php": 1775617341.8168406,
  "deep-dive-wordpress-theme/archive.php": 1775617311.6565914,
  "deep-dive-wordpress-theme/comments.php": 1775617810.3335848,
  "deep-dive-wordpress-theme/home.php": 1775617225.6686213,
  "deep-dive-wordpress-theme/search.php": 1775617800.989212,
  "deep-dive-wordpress-theme/header.php": 1776529562.0841665,
  "deep-dive-wordpress-theme/footer.php": 1775617199.2397509,
  "deep-dive-wordpress-theme/single.php": 1776528113.365388,
  "deep-dive-wordpress-theme/page.php": 1775617296.8343887,
  "deep-dive-wordpress-theme/author.php": 1775617324.0811863,
  "deep-dive-wordpress-theme/inc/customizer.php": 1776363576.7711508,
  "deep-dive-wordpress-theme/template-parts/post-card.php": 1776364479.979106,
  "deep-dive-wordpress-theme/assets/js/main.js": 1775617386.698064,
  "README.md": 1776905889.927906,
  "robots.txt": 1776526499.4161098,
  "CLAUDE.md": 1776968254.8898287,
  "og-image.jpg": 1776483752.218615,
  "Images/partner-omnissa.png": 1775431344.140241,
  "Images/uem-architect-black - without logo.png": 1775431344.1439786,
  "Images/zerotrust.png": 1775431344.1551735,
  "Images/uem-architect-color - logo only.png": 1775431344.1449027,
  "Images/uem-architect-color - with logo - google.png": 1775431344.1451037,
  "Images/service-deployment.png": 1775431344.1414573,
  "Images/uem_implementation_migration.png": 1775431344.1480181,
  "Images/uem_implementation_migration.jpg": 1775431344.1478503,
  "Images/businessman.png": 1775431344.131067,
  "Images/uem_enablement_training.png": 1775431344.147716,
  "Images/uem-architect-color - with logo - large.png": 1775431344.1454268,
  "Images/assessments.png": 1775431344.1299284,
  "Images/partner-entra.svg": 1775431344.139827,
  "Images/enterprise.png": 1775431344.1360574,
  "Images/vertex.png": 1775431344.1550853,
  "Images/partner-intune.svg": 1775431344.1398973,
  "Images/b778e0ec95af7a376b3d236cadf9fe572776c521261e5f2e56384fd4a4728866.png": 1775431344.1304193,
  "Images/partner-northbridge.png": 1775431344.140086,
  "Images/uem-architect-color - without logo.svg": 1775431344.1465871,
  "Images/uemarchitectteams.png": 1775431344.1549911,
  "Images/uem-architect-black - with logo.svg": 1775431344.1435013,
  "Images/securebrowser.png": 1775431344.140954,
  "Images/crestline.png": 1775431344.1344416,
  "Images/riverbend.png": 1775431344.140792,
  "Images/f3e6791f215e0626e9062fd2483a0432afdc07488724477e31b1025d6b0db76b.png": 1775431344.1381774,
  "Images/uem-architect-white - without logo.svg": 1775431344.1472917,
  "Images/uemarchitect_azure_background_2026_grey_background.png": 1775431344.1547947,
  "Images/OMN_Partner_Solution Reseller_2026.png": 1775432869.0,
  "Images/businesswoman.png": 1775431344.131659,
  "Images/swifttech.png": 1775431344.142276,
  "Images/uem-architect-color - logo only.svg": 1775431344.1449754,
  "Images/platform.png": 1775431344.1406558,
  "Images/service-assessment.png": 1775431344.1412787,
  "Images/uem-architect-color - logo only -google.png": 1775431344.144787,
  "Images/uem-architect-black - without logo.svg": 1775431344.1440709,
  "Images/northbridge.png": 1775431344.1393788,
  "Images/service-managed.png": 1775431344.1418755,
  "Images/uem-architect-color - with logo - small - google.png": 1775431344.1455617,
  "Images/uem-architect-color - with logo.png": 1775431344.145734,
  "Images/partner-jamf.svg": 1775431344.139974,
  "Images/assessment.jpg": 1775431344.1298234,
  "Images/uem-architect-color - logo only - larger.png": 1775431344.1443977,
  "Images/c39b840bee80842663d8220342ce20eb90ac92e6669c11cfb3211bc394349ff5.png": 1775431344.1330192,
  "Images/cf22e7e4b1f270b7a65c8e53336f743af464b1a22b746c75ef33f5e98b2bfa12.png": 1775431344.1340866,
  "Images/partner-okta.svg": 1775431344.1401632,
  "Images/OMN_Partner_Silver_2026.png": 1775432869.0,
  "Images/uemarchitect azure background - 2026 - grey background - updated.png": 1775431344.148532,
  "Images/logo.png": 1775431344.1392405,
  "Images/e48f5a36d776e2ab3c9f4d5f29c71b20343fe54c44e83fd28045edeb18ea1917.png": 1775431344.1359048,
  "Images/uem-architect-color - without logo - larger.png": 1775431344.1465042,
  "Images/operations.png": 1775431344.1395466,
  "Images/omnissapartner.png": 1775431344.1394715,
  "Images/95fce04348f8a39a3a1ba0de75ab793162e7e6ad5a2bf8be47cd4668d2d39645.png": 1775431344.1057763,
  "Images/cloudmanagement.png": 1775431344.134296,
  "Images/5544fe7d93be1e994522c8532d3169d7b35d4a487ccc4a2a83160c157b4d706d.png": 1775431344.1025805,
  "Images/service-identity.png": 1775431344.1416948,
  "Images/identity.png": 1775431344.1386693,
  "Images/79bde3da789e80b1c5ec9a6e50adbbd60eea742c667350834b8d7532787a6017.png": 1775431344.1047254,
  "Images/partner-crowdstrike.svg": 1775431344.1397548,
  "Images/uem-architect-white - with logo.svg": 1775431344.1472287,
  "Images/uem_operations.png": 1775431344.1481795,
  "Images/implementation.png": 1775431344.139005,
  "Images/uem-architect-color - with logo - large - centered.png": 1775431344.1452336,
  "Images/securebrowsering.png": 1775431344.141137,
  "Images/training.png": 1775431344.1423564,
  "Images/service-training.png": 1775431344.1421878,
  "Images/uem-architect-color - logo only - large.png": 1775431344.1442358,
  "Images/52e5a723c8d4925331e5d1f7d75c5a4f18951f120dbad69ead4d2983604fd11b.png": 1775431344.1018898,
  "Images/partner-vertex.png": 1775431344.140568,
  "Images/fba255093dd4ac8fa7b31d4fc76f44d91959d3404bc4f6108a911a93103fa1c8.png": 1775431344.1385589,
  "Images/uemarchitect azure background - 2026 - no background - updated.png": 1775431344.150321,
  "Images/partner-crestline.png": 1775431344.1396804,
  "Images/partner-riverbend.png": 1775431344.1403756,
  "Images/service-security.png": 1775431344.142028,
  "Images/identitymanagement.png": 1775431344.1389182,
  "Images/partner-swifttech.png": 1775431344.140466,
  "Images/uem_zero_trust.png": 1775431344.1483176,
  "Images/uem_assessments_roadmap.jpg": 1775431344.147431,
  "Images/uem_assessments_roadmap.png": 1775431344.1475651,
  "Images/logo-white.svg": 1775431344.1391037,
  "Images/uem-architect-color - with logo.svg": 1775431344.14583,
  "Images/Screenshots/Screenshot 2026-03-23 210128.png": 1775431344.1284175,
  "Images/Screenshots/Screenshot 2026-03-23 204930.png": 1775431344.1279771,
  "Images/Screenshots/Top of Page.png": 1775431344.1296344,
  "Images/Screenshots/After Scrolling.png": 1775431344.1278038,
  "Images/Screenshots/Screenshot 2026-03-23 205615.png": 1775431344.1281905,
  "deep-dive-wordpress-theme/The Deep Dive Logo.png": 1776529442.2501667,
  "deep-dive-wordpress-theme/assets/images/logo.png": 1776529557.756955,
  "deep-dive-wordpress-theme/assets/images/favicon.svg": 1775617391.1257942
}